TOPSECRET,CADOMAIN
#apcprd,Generic
#audit,Generic
#demo,Generic
#prdcntl,Generic
#secprd,Generic
#smdprd,Generic
#storage,Generic
#systems,Generic
=dept402,Generic
=dept410,Generic
=dept411,Generic
=dept421,Generic
=fmidept,Generic
=sivmdpt,Generic
abach01,abach01
abbja06,abbja06
abbtr01,abbtr01
abdib01,abdib01
abdma03,abdma03
abdmo05,abdmo05
abehe03,abehe03
abejua1,abeju01
abewi01,abewi01
abobe01,abobe01
abran07,abran07
abrma03,abrma03
abuha01,abuha01
accjobr,Generic
acclist,Generic
accmain,Generic
acf2mst,Generic
acfbatch,Generic
acfstcid,Generic
achha01,achha01
achti01,achti01
aclal01,aclal01
adada06,adada06
adako01,adako01
adare01,adare01
adgstc,Generic
adija02,adija02
agapr04,agapr04
agent01,Generic
aggha01,aggha01
agnsh01,agnsh01
agrsa06,agrsa06
aguma06,aguma06
aguria1,aguri01
aguria2,aguri01
ahegi01,ahegi01
ahlsu01,ahlsu01
ahmha04,ahmha04
ahmmo10,ahmmo10
ahmsy07,ahmsy07
ahmzo01,ahmzo01
ajjra02,ajjra02
ajn62mnt,Generic
akean01,akean01
akhva01,akhva01
akiro02,akiro02
aksze01,aksze01
akush01,akush01
alape02,alape02
alasu01,alasu01
albwi01,albwi01
aldan01,aldan01
aldan01,aldan01
aleji01,aleji01
alesa02,alesa02
alewa02,alewa02
allga05,allga05
allja10,allja10
alloc01,alloc01
allpa07,allpa07
allro12,allro12
almnu02,almnu02
almops1,almop01
alqcl01,alqcl01
altky01,altky01
alvgo04,alvgo04
amajoa2,amajo02
amame02,amame02
amasa03,amasa03
ambsu03,ambsu03
amobr01,amobr01
amoni01,amoni01
anach04,anach04
anama02,anama02
anari03,anari03
ancpa01,ancpa01
ancpa02,ancpa02
andca05,andca05
andca06,andca06
andcl04,andcl04
andcla4,andcl04
andel03,andel03
andgu01,andgu01
andhe04,andhe04
andja19,andja19
andja20,andja20
andola1,andol01
andolb1,andol01
andri10,andri10
andsr02,andsr02
andst04,andst04
andsta4,andst04
andstb4,andst04
andstc4,andst04
andstd4,adnst04
andza01,andza01
angad03,angad03
angal04,angal04
aniba01,aniba01
anlqa01,anlqa01
anlqa02,anlqa02
anlqa03,anlqa03
anlur01,anlur01
anlur02,anlur02
annmu01,annmu01
annra03,annra03
antan04,antan04
antma07,antma07
antni01,antni01
antro06,antro06
apcl2gts,Generic
apcsrvr,Generic
apmqmgr,Generic
appc,Generic
appsh01,appsh01
appsh03,appsh03
appsptf,Generic
appsptf1,Generic
appsptf2,Generic
appsptf3,Generic
appsptf4,Generic
appsptf5,Generic
arada01,arada01
arajo04,arajo04
arani01,arani01
argal01,argal01
arimo04,arimo04
armbad,Generic
armfra2,armfr01
armra03,armra03
armst02,armst02
aroan05,aroan05
arpeg01,arpeg01
arpna03,arpna03
arspe01,arspe01
arspe01,arspe01
aryde01,aryde01
asch,Generic
ashlo01,ashlo01
aspma04,aspma04
athjo02,athjo02
atlasadm,Generic
atna06,katna06
attaut1,Generic
atwdo01,atwdo01
aubpe01,aubpe01
audch01,audch01
audda02,audda02
augmi02,augmi02
autmstc,Generic
avasi01,avasi01
aw390l2,Generic
ayecoa1,ayeco01
ayecoc1,ayeco01
ayrar01,ayrar01
azcje01,azcje01
azumo01,azumo01
babke02,babke02
babria2,babri02
babze01,babze01
bacro01,bacro01
bacroa1,bacro01
badan05,badan05
badana2,badan02
badanb2,badan02
badanc2,badan02
badja02,badja02
badsr01,badsr01
bagcr01,bagcr01
bagel02,bagel02
baibr07,baibr07
bajna03,bajna03
bakbe02,bakbe02
bakbe02,bakbe02
balan06,balan06
balje04,balje04
balki04,balki04
balma16,balma16
balsu12,balsu12
balye01,balye01
balzu01,balzu01
banan06,banan06
banja04,banja04
banku01,banku01
banna04,banna04
banna07,banna07
banpa05,banpa05
bansa11,bansa11
bansh07,bansh07
baral20,baral20
baran27,baran27
barda32,barda32
barda33,barda33
bared08,bared08
barga07,barga07
barhe04,barhe04
barjo33,barjo33
barke17,barke17
barlaa7,barla07
baron01,baron01
barro34,barro34
barsu11,barsu11
barti07,barti07
barwaa2,barwa02
barwab2,barwa02
barwac2,barwa02
basch06,basch06
basja07,basja07
baslua2,baslu02
basma05,basma05
basmu01,basmu01
basmu02,basmu02
bassa11,bassa11
batsh04,batsh04
bayya01,bayya01
bccsu01,bccsu01
beasc01,beasc01
beawi03,beawi03
becbe01,becbe01
becge03,becge03
becki03,becki03
bedjo05,bedjo05
beeka04,beeka04
beesta3,beest03
beino02,beino02
belch10,belch10
beldi03,beldi03
belka08,belka08
benad05,benad05
benad06,benad06
benam02,benam02
benda20,benda20
bendo04,bendo04
benjo07,benjo07
benjo18,benjo18
benjoa8,benjo08
benli03,benli03
benpr01,benpr01
benro01,benro01
benye01,benye01
berbea2,berbe02
berca10,berca10
beren01,beren01
berga1,bergr05
bergr03,bergr03
bergra1,bergr05
bergra3,bergr05
bergra3,bergra3
bergra5,bergr05
berjo23,berjo23
bermi11,bermi11
berza02,berza02
beuko01,beuko01
bhadi02,bhadi02
bhaja07,bhaja07
bhapr12,bhapr12
bhapr13,bhapr13
bhara28,bhara28
bhasu11,bhasu11
bhasu13,bhasu13
bhata03,bhata03
bhava07,bhava07
bheba04,bheba04
bhosa05,bhosa05
bhosu02,bhosu02
biaadm,Generic
biaal02,biaal02
biela03,biela03
biest03,biest03
bigaga1,bigag01
bigaga2,bigag01
bijni01,bijni01
bijsa02,bijsa02
bilam01,bilam01
bildi01,bildi01
bilye01,bilye01
birsi01,birsi01
biske03,biske03
bispu01,bispu01
bisra04,bisra04
bissa05,bissa05
bladaa8,blada08
bladab8,blada08
bldccs,Generic
bldcss,Generic
blemi01,blemi01
bloja02,bloja02
blori01,blori01
blupa02,blupa02
bocjo01,bocjo01
bodbo01,bodbo01
bogan04,bogan04
bohto01,bohto01
boiha01,boiha01
bojra02,bojra02
bolbu01,bolbu01
bolpr02,bolpr02
bolro05,bolro05
bomdi02,bomdi02
bomla01,bomla01
bonal09,bonal09
bonbr04,bonbr04
bondo03,bondo03
bonha01,bonha01
bonje07,bonje07
bonke02,bonke02
bonve01,bonve01
borda07,borda07
borma08,borma08
bormi04,bormi04
bornia1,borni01
bosdea1,bosde01
bosja06,bosja06
botda06,botda06
botma05,botma05
bouda05,bouda05
bouna06,bouna06
bowja08,bowja08
boyri01,boyri01
br1,Generic
braam02,braam02
brajo23,brajo23
brary01,brary01
brava02,brava02
breja10,breja10
breja10,breja10
breme06,breme06
brero04,brero04
bresm01,bresm01
briba01,briba01
brier03,brier03
brifr01,brifr01
brihu01,brihu01
broch25,broch25
broja27,broja17
brojaa7,broja27
broje31,broje31
broka16,broka16
brool01,brool01
brosa03,brosa03
brost16,brost16
brota01,brota01
bruar02,bruar02
brufl02,brufl02
bruje01,bruje01
bruti01,bruti01
bruti02,bruti02
bryjo03,bryjo03
bryse01,bryse01
bsesa01,bsesa01
btchmtp,Generic
btchops,Generic
bte01,Generic
bubpe01,bubpe01
bucan01,bucan01
bucbr01,bucbr01
buccd01,buccd01
budvi02,budvi02
bufol01,bufol01
bugra01,bugra01
bujva01,bujva01
burbe02,burbe02
burja22,burja22
burjo27,burjo27
burjo28,burjo28
burni04,burni04
burro18,burro18
burse03,burse03
bursea1,burse01
bursr01,bursr01
bussh04,bussh04
butgr02,butgr02
butth04,butth04
buybo01,buybo01
buzjo02,buzjo02
buzni01,buzni01
byrju02,byrju02
bytkr01,bytkr01
ca7onl2,Generic
ca7onl4,Generic
caae,Generic
cadge01,cadge01
cadvwsrv,Generic
caimntss,Generic
caisdi,Generic
caled01,caled01
caliv01,caliv01
caljo02,caljo02
camel04,camel04
camkr01,camkr01
camlea2,camle02
camlo01,camlo01
camri07,camri07
canst06,canst06
capdo02a,capdo02
caprodvm,Generic
carar01,carar01
cardoa9,cardo09
carge08,carge08
cargu01,cargu01
carji03,carji03
carjo45,carjo45
carka06,carka06
carke01,carke01
carki04,carki04
carma56,carma56
carpa22,carpa22
carro27,carro27
cas9,Generic
casan17,casan17
casan18,casan18
casfr03,casfr03
casort,Generic
castoadm,Generic
catro03,catro03
cawe2e,Generic
ccf,Generic
ccir12,Generic
ccissl,Generic
ccisslgw,Generic
ccitcp12,Generic
ccsauto,Generic
cdsfixes,Generic
cea,Generic
cebsa01,cebsa01
cegda01,cegda01
cepne01,cepne01
cepon01,cepon01
cerju04,cerju04
cerri02,cerri02
cerry01,cerry01
cfzsrv,Generic
chaav02,chaav02
chaca17,chaca17
chada21,chada21
chadi13,chadi13
chadi14,chadi14
chaer14,chaer14
chafi01,chafi01
chaga06,chaga06
chago05,chago05
chahu01,chahu01
chajo29,chajo29
chajo30,chajo30
chaka08,chaka08
chake12,chake12
chaki09,chaki09
chako01,chako01
chako02,chako02
chala14,chala14
chamo07,chamo07
chape11,chape11
chapr17,chapr17
chapu06,chapu06
chari12,chari12
chasa33,chasa33
chasa42,chasa42
chash28,chash28
chash31,chash31
chasu40,chasu40
chasu42,chasu42
chate07,chate07
chave13,chave13
chavi19,chavi19
chavi20,chavi20
chede12,chede12
chefi01,chefi01
chejh01,chejh01
cheji16,cheji16
cheke07,cheke07
chemi10,chemi10
chemi11,chemi11
chepo03,chepo03
chepr03,chepr03
chera20,chera20
chesr09,chesr09
chesu09,chesu09
cheva02,cheva02
cheyi08,cheyi08
chiam03,chiam03
chidaa9,chida09
chidab9,chida09
chido05,chido05
chige06,chige06
chiju02,chiju02
chima14,chima14
chimo03,chimo03
chimo04,chimo04
china07,china07
chisa13,chisa13
chisn01,chisn01
chisu12,chisu12
chivi11,chivi11
chiwaa1,chiwa01
choev01,choev01
chogw01,chogw01
chojy01,chojy01
choko05,choko05
choky01,choky01
chora16,chora16
chorbld,Generic
chorsysp,Generic
chosi03,chosi03
chosu07,chosu07
choum01,choum01
chrge04,chrge04
chrjo04,chrjo04
chrry01,chrry01
chrstg1,chrst01
chujaa5,chuja05
chujab5,chuja05
chujo09,chujo09
chumi08,chumi08
chuvi02,chuvi02
cicsid1,Generic
cicsid4,Generic
cicsid6,Generic
cicsid9,Generic
cicsmac,Generic
cifja02,cifja02
cimuimz,Generic
ciovi01,ciovi01
citmia2,citmi02
citmib2,citmi02
citsa01,citsa01
ciuda01,ciuda01
cizmi01,cizmi01
claan08,claan08
claje06,claje06
clami06,clami06
clare01,clare01
clery02,clery02
cliph01,cliph01
cm#strs,Generic
cmnm,Generic
cmpr01,cmpr01
cmsbtch2,Generic
cmslvl2p,Generic
coban04,coban04
cohbe02,cohbe02
colel05,colel05
colka01,colka01
colpe03,colpe03
colpea1,colpe01
colroa2,colro02
colsc04,colsc04
comma01,comma01
conicit,Generic
conju03,conju03
conke09,conke09
conke10,conke10
conma26,conma26
conmi14,conmi14
coojo06,coojo06
cooke08,cooke08
coola02,coola02
cooni02,cooni02
corde04,corde04
corjo11,corjo11
corjo22,corjo22
corlu01,corlu01
cormi08,cormi08
cosfl01,cosfl01
cotcl02,cotcl02
cotcl02,cotcl02
couch04,couch04
coxwi04,coxwi04
cposrv,Generic
cpsuser,Generic
cpyc01,Generic
crabe03,crabe03
cragr01,cragr01
crajo01,crajo01
crega02,crega02
creom01,creom01
criju03,criju03
croam01,croam01
crued02,crued02
cruje01,cruje01
csnm,Generic
cudja01,cudja01
curji01,curji01
custdump,Generic
cutgen,Generic
cybstdef,Generic
cybstess,Generic
cybstpss,Generic
cybstqa,Generic
daas1,Generic
daasbld,Generic
dadjy01,dadjy01
dadra05,dadra05
dahma03,dahma03
daico01,daico01
dairo01,dairo01
dalgr02,dalgr02
dalwi03,dalwi03
damja02,damja02
damsa02,damsa02
dansc01,dansc01
darkr02,darkr02
darne01,darne01
dasam02,dasam02
dasd01,Generic
dasma06,dasma06
daspr08,daspr08
dasra08,dasra08
dassa17,dassa17
dassa18,dassa18
dassh06,dassh06
dasso05,dasso05
dassu11,dassu11
dasvi04,dasvi04
datkr01,datkr01
dauan02,dauan02
davbr15,davbr15
davch13,davch13
davgl02,davgl02
daviv01,daviv01
davja16,davja16
davpe07,davpe07
davro12,davro12
davse04,davse04
dawpr01,dawpr01
dawsh01,dawsh01
dayha01,dayha01
dayma03,dayma03
db#lv2,Generic
db2qc,Generic
db2tbch,Generic
db2tbnd,Generic
db2tmsm,Generic
db2tstqc,Generic
dbdev,Generic
dbpq24,Generic
dcas,Generic
dcdadm,Generic
dcdcontl,Generic
dcdsrvr,Generic
dcmcontl,Generic
dcmdev,Generic
dcmmain,Generic
dcmqa1,Generic
dcmqa2,Generic
dcmqa3,Generic
dcmqa4,Generic
dcmqa5,Generic
dcmqa6,Generic
dcmqa7,Generic
dcmqa8,Generic
dcmqa9,Generic
deaco02,deaco02
deafr01,deafr01
deara01,deara01
deare01,deare01
debch05,debch05
debhr01,debhr01
debsu02,debsu02
decro03,decro03
deffe01,deffe01
dellya1,delly01
delra04,delra04
delro01,delro01
demje04,demje04
demwi01,demwi01
demyva1,Generic
denm,Generic
denm3,Generic
dentoa1,dento01
dentob1,dento01
depri02,depri02
derwi01,derwi01
desri04,desri04
devbh01,devbh01
devcdc,Generic
devco01,devco01
devda01,devda01
devdaa1,devda01
devdb2,Generic
devde01,devde01
devra06,devra06
devschd,Generic
devsu04,devsu04
devtst3,Generic
deyro01,deyro01
deyro02,deyro02
dhaki01,dhaki01
dhamo03,dhamo03
dhara16,dhara16
dhena01,dhena01
dhopr01,dhopr01
diaan07,diaan07
diajo05,diajo05
diaju02,diaju02
diblu02,diblu02
dical03,dical03
dicta04,dicta04
dikeadm,Generic
dinda04,dinda04
diran01,diran01
dixak01,dixak01
dmile01,dmile01
dmsar,Generic
doato01,doato01
dobka03,dobka03
doctia1,docti01
dodkr01,dodkr01
doech03,doech03
dokte01,dokte01
dolem01,dolem01
domjo01,domjo01
donan07,donan07
donma12,donma12
donna05,donna05
donry02,donry02
dorde04,dorde04
dorra05,dorra05
dosdevq,Generic
dosru02,dosru02
dossvcs,Generic
dosya01,dosya01
douke05,douke05
douma06,douma06
doupi01,doupi01
dowjo03,dowjo03
dowro09,dowro09
dowtr02,dowtr02
drace01,drace01
draup01,draup01
dreal01,dreal01
drega01,drega01
drewa01,drewa01
drier02,drier02
droey01,droey01
dsopr01,dsopr01
dudgn01,dudgn01
dugra04,dugra04
dulca03,dulca03
dulcaa3,dulca03
dumfra2,dumfr02
dunan04,dunan04
dunba01,dunba01
dunba02,dunba02
dunma05,dunma05
dunwi03,dunwi03
durty01,durty01
durve02,durve02
dusjoa1,dusjo01
dutay01,dutay01
duvve01,duvve01
dvoad01,dvoad01
dwima01,dwima01
dymvm,Generic
dynsupt,Generic
dynvm,Generic
e2edev,Generic
ealch01,ealch01
earbr01,earbr01
earl60,Generic
earl61,Generic
earldev,Generic
earlmnt,Generic
eatkea1,eatke01
ebada01,ebada01
echsa01,echsa01
edrra01,edrra01
edvapc,Generic
edvims,Generic
edvnms,Generic
edwpr02,edwpr02
egefa01,egefa01
eilma01,eilma01
eisda03,eisda03
eitni02,eitni02
elede01,elede01
elfsa01,elfsa01
elior01,elior01
ellpa07,ellpa07
ellsr01,ellsr01
emmjo02,emmjo02
emplupd,Generic
emrbu01,emrbu01
endka01,endka01
enf,Generic
enfvse,Generic
enghe02,enghe02
engjo04,engjo04
ennko01,ennko01
enrja01,enrja01
eosadm,Generic
epc,Generic
erder02,erder02
erdto01,erdto01
esmldap,Generic
espmgr,Generic
espqa,Generic
esqfr01,esqfr01
estad01,estad01
estgsrv,Generic
estra01,estra01
evaadm,Generic
evada04,evada04
evegr01,evegr01
eveja03,eveja03
eveti01,eveti01
evrst01,evrst01
ewade01,ewade01
exnma01,exnma01
explore,Generic
ezepe01,ezepe01
fabel01,fabel01
fadme01,fadme01
fagja01,fagja01
fagsc01,fagsc01
faich02,faich02
faisa01,faisa01
falro04,falro04
famad02,famad02
farja06,farja06
farjo17,farjo17
fauan06,fauan06
faverm,Generic
favern,Generic
faverv,Generic
fedpa01,fedpa01
feesea1,feese01
felar01,felar01
felgi01,felgi01
felvi02,felvi02
ferda11,ferda11
ferga02,ferga02
ferhe05,ferhe05
ferke04,ferke04
ferma31,ferma31
ficsu02,ficsu02
fiema05,fiema05
figro02,figro02
filbr01,filbr01
filma04,filma04
finth05,finth05
fionia2,fioni02
fisja08,fisja08
fisto02,fisto02
floan03,floan03
floed01,floed01
floge02,floge02
flosa01,flosa01
fluno01,fluno01
fodma02,fodma02
folsa04,folsa04
fonda03,fonda03
fonjo02,fonjo02
forbr06,forbr06
forer02,forer02
forni02,forni02
foxis01,foxis01
foxke02,foxke02
foxse01,foxse01
foxst02,foxst02
foxst03,foxst03
frabo01,frabo01
frama04,frama04
frape02,frape02
frari09,frari09
fraro10,fraro10
fraro11,fraro11
fraru02,fraru02
frian04,frian04
froka01,froka01
frude01,frude01
frybr02,frybr02
ftpserve,Generic
funad01,funad01
funal01,funal01
furhi01,furhi01
g471nl1,Generic
gaber01,gaber01
gadch02,gadch02
gadra06,gadra06
gadso05,gadso05
gafmo01,gafmo01
gagma05,gagma05
gaipa03,gaipa03
gajna03,gajna03
gajpr03,gajpr03
galja06,galja06
galky01,galky01
galni04,galni04
galri04,galri04
galry01,galry01
galzu01,galzu01
ganpo01,ganpo01
ganpo04,ganpo04
ganra14,ganra14
ganro03,ganro03
ganvi06,ganvi06
ganvi07,ganvi07
garab02,garab02
garbr06,garbr06
garch12,garch12
garjo24,garjo24
garjo39,garjo39
garli06,garli06
garna06,garna06
garri15,garri15
garro21,garro21
garru03,garru03
gasco01,gasco01
gascoa1,gasco01
gatam01,gatam01
gauma05,gauma05
gauwi01,gauwi01
gaygo01,gaygo01
geeam02,geeam02
geian01,geian01
genbld1,Generic
genkr01,genkr01
genma06,genma06
genni02,genni02
geral03,geral03
geral03,geral03
germi08,germi08
geske02,geske02
giaadm,Generic
gibgra1,gibgr01
gidmi02,gidmi02
giech01,giech01
gifrm21,Generic
gifrm22,Generic
gifrm23,Generic
gilan05,gilan05
giljo12,giljo12
gilma10,gilma10
gilmaa0,gilma10
gilta03,gilta03
ginen01,ginen01
giodo03,giodo03
giodoa3,giodo03
giodob3,giodo03
giodoc3,giodo03
giodod3,giodo03
girba01,girba01
girra02,girra02
gisbtch,Generic
giscmwhs,Generic
gisld151,Generic
gisldp15,Generic
gisxhis,Generic
glaan02,glaan02
glaka01,glaka01
glami04,glami04
gloal02,gloal02
gloma04,gloma04
godch01,godch01
godjy01,godjy01
goeap01,goeap01
goeka04,goeka04
gogsa02,gogsa02
gohte01,gohte01
goiai02,goiai02
golal10,golal10
golan08,golan08
goled01,goled01
golma13,golma13
golmi11,golmi11
golto03,golto03
gompa03,gompa03
gomwa03,gomwa03
gomwi01,gomwi01
gonho01,gonho01
gonju02,gonju02
goojo04,goojo04
goola01,goola01
goomaa4,gooma04
gopgo03,gopgo03
gopra04,gopra04
gorda05,gorda05
gorda09,gorda09
gorji01,gorji01
gorra03,gorra03
gorsa03,gorsa03
gorth01,gorth01
gosla02,gosla02
gotvi01,gotvi01
gouam01,gouam01
gouch02,gouch02
gouch02a,gouch02
gouch06,gouch06
goura02,goura02
gouse03,gouse03
gowka02,gowka02
graana4,graan04
graanb4,graan04
graca06,graca06
graco04,graco04
graev02,graev02
gralya1,graly01
gralyb1,graly01
grama22,grama22
grari12,grari12
grast18,grast18
grawi07,grawi07
greag01,greag01
grean12,grean12
grech07,grech07
greje17,greje17
gretha1,greth01
grethb1,greth01
grethc1,greth01
greto02,greto02
grimi07,grimi07
groee01,groee01
groel02,groel02
grojea7,groje07
grost10,grost10
grzle01,grzle01
gsvxhis,Generic
guecha4,guech04
guema08,guema08
guhru01,guhru01
guipa04,guipa04
guiri1a,guiri01
guiria1,guiri01
guirib1,guiri01
guiric1,guiri01
guiro04,guiro04
gulpa01,gulpa01
gumar03,gumar03
gunha03,gunha03
gunmi02,gunmi02
gunso01,gunso01
gunso02,gunso02
gupab04,gupab04
gupak02,gupak02
gupam12,gupam12
gupan18,gupan18
gupan20,gupan20
gupga06,gupga06
gupmi01,gupmi01
gupri02,gupri02
gupru02,gupru02
gupsa07,gupsa07
gupsa15,gupsa15
gupta03,gupta03
gurra10,gurra10
gursr02,gursr02
gutan05,gutan05
gutan06,gutan06
gutja03,gutja03
gutos01,gutos01
gutve01,gutve01
guzra02,guzra02
gwoca02,gwoca02
gysda01,gysda01
haajo04,haajo04
habme01,habme01
hadev01,hadev01
hafse01,hafse01
hagcy01,hagcy01
hagcy01,hagcy01
hagpi01,hagpi01
hahda01,hahda01
haikr01,haikr01
haima07,haima07
hakmi02,hakmi02
halbr07,halbr07
halda06,halda06
halde09,halde09
halja14,halja14
haljo03,haljo03
halli02,halli02
halma10,halma10
halro12,halro12
halve02,halve02
hamly02,hamly02
hammaa7,hamma07
hammab7,hamma07
handu01,handu01
hanga03,hanga03
hangla1,hangl01
hanjo10,hanjo10
hanme02,hanme02
hanme02,hanme02
hanpe08,hanpe08
hanpi01,hanpi01
hanse04,hanse04
hante04,hante04
haqar01,haqar01
haral04,haral04
haran26,haran26
harbi02,harbi02
harch27,harch27
harde10,harde10
harja20,harja20
harjoa0,harjo20
harkl02,harkl02
harky02,harky02
harli10,harli10
harmi01,harmi01
harro05,harro05
harroa5,harro05
harti04,harti04
hasas01,hasas01
hasbr02,hasbr02
hasga02,hasga02
hasna03,hasna03
hasse02,hasse02
hauli01,hauli01
hauru01,hauru01
havok01,havok01
hawjo06,hawjo06
hayad02,hayad02
hayel02,hayel02
hazgl02,hazgl02
heasu01,heasu01
heasu01,heasu01
hecwi02,hecwi02
heica01,heica01
helioadm,Generic
helpe04,helpe04
helst03,helst03
helyu02,helyu02
hemdh01,hemdh01
henma02,henma02
henpea1,henpe01
heraadm,Generic
heris01,heris01
herma26,herma26
hewsh01,hewsh01
hibsc01,hibsc01
higja03,higja03
higri02,higri02
hilcr02,hilcr02
hilda09,hilda09
hinma05,hinma05
hinra01,hinra01
hisjoa1,hisjo01
hisjob1,hisjo01
hiyum01,hiyum01
hobhe01,hobhe01
hocdo01,hocdo01
hodan08,hodan08
hodja02,hodja02
hodmi04,hodmi04
hodsa01,hodsa01
hoema01,hoema01
hoeni01,hoeni01
hofri01,hofri01
hogla01,hogla01
hogwa01,hogwa01
holch14,holch14
holjo02,holjo02
holmi12,holmi12
holna02,holna02
honsu03,honsu03
hooch03,hooch03
hoojoa3,hoojo03
hoomi01,hoomi01
hopal01,hopal01
hopka02,hopka02
horre02,horre02
horta02,horta02
hosan01,hosan01
hosar02,hosar02
hosjo03,hosjo03
houhe01,houhe01
howem01,howem01
howmi07,howmi07
hoyjo01,hoyjo01
hralu01,hralu01
huaxi06,huaxi06
hubka02,hubka02
hubvia1,hubvi01
hucja01,hucja01
hufala2,hufal02
hugia04,hugia04
huiyi01,huiyi01
humer01,humer01
hunbe01,hunbe01
hunjo07,hunjo07
hunst05,hunst05
huran01,huran01
husjo02,husjo02
husjoa2,husjo02
husjob2,husjo02
husjoc2,husjo02
husmo02,husmo02
hutge01,hutge01
hutge01a,hutge01a
hutmi01,hutmi01
huton01,huton01
huvma01,huvma01
huvzh01,huvzh01
hypr01,Generic
ibadu01,ibadu01
ibmuser,Generic
ibrde01,ibrde01
idiacid,Generic
idlcics,Generic
idmsqc1,Generic
idmsqc2,Generic
idmsqc3,Generic
idmsqc4,Generic
idmsqc5,Generic
idmsqc6,Generic
idmsqc7,Generic
idmsqc8,Generic
idmsqc9,Generic
idmsqca,Generic
idmsqcb,Generic
idmsqcc,Generic
idmsqcd,Generic
idmsqce,Generic
idmsqcf,Generic
idmsqcg,Generic
idmsqch,Generic
idmsqci,Generic
idmsqcj,Generic
idmsqck,Generic
idmsqcl,Generic
idmsqcm,Generic
idmsqcn,Generic
idmsqco,Generic
idmsqcp,Generic
idmsqcq,Generic
idmsqcs,Generic
ikeda01,ikeda01
imlsta1,imlst01
imsqc,Generic
inadi01,inadi01
inake01,inake01
inbpr01,inbpr01
inoadm,Generic
intertst,Generic
inukr01,inukr01
irfsh01,irfsh01
irisadm,Generic
irmhe02,irmhe02
isabo02,isabo02
islre01,islre01
iveda01,iveda01
ivica01,ivica01
iwaka06,iwaka06
iyesa03,iyesa03
iyesa04,iyesa04
izusvr,Generic
jacda02,jacda02
jacka04,jacka04
jacph05,jacph05
jacto01,jacto01
jadvi03,jadvi03
jagan03,jagan03
jaggu01,jaggu01
jagsr01,jagsr01
jaiam06,jaiam06
jaias04,jaias04
jaima08,jaima08
jaimi02,jaimi02
jaina04,jaina04
jaipa03,jaipa03
jaira05,jaira05
jaira06,jaira06
jaira07,jaira07
jajma01,jajma01
jalra03,jalra03
jamku01,jamku01
jamli01,jamli01
jammo04,jammo04
jammu02,jammu02
janas01,janas01
janja02,janja02
janly02,janly02
janne02,janne02
jansu06,jansu06
janve02,janve02
janvi01,janvi01
jaqan02,jaqan02
jarka02,jarka02
jarko01,jarko01
jarkoa1,jarko01
jarkob1,jarko01
jatni01,jatni01
javmo03,javmo03
jawha02,jawha02
jayre01,jayre01
jenpa05,jenpa05
jermi01,jermi01
jhaku01,jhaku01
jhash02,jhash02
jhnmin,Generic
jiaje06,jiaje06
jiati02,jiati02
jimno01,jimno01
jimpa03,jimpa03
jinji04,jinji04
jinli05,jinli05
jirana1,jiran01
jirto01,jirto01
jobtstc,Generic
johde07,johde07
joher12,joher12
johera1,joher01
johji03,johji03
johjo18,johjo18
johjo20,johjo20
johla08,johla08
johra04,johra04
johry02,johry02
jongi01,jongi01
jonka03,jonka03
jonke16,jonke16
jonll01,jonll01
jonst08,jonst08
jontr02,jontr02
jonve02,jonve02
jonwa03,jonwa03
jorpa05,jorpa05
josji01,josji01
jrdr,Generic
juddo02,juddo02
judno01,judno01
juhni01,juhni01
jumei01,jumei01
kacpa01,kacpa01
kacyu01,kacyu01
kadya01,kadya01
kaeky01,kaeky01
kagka02,kagka02
kahja01,kahja01
kaini02,kaini02
kajbh01,kajbh01
kakbh01,kakbh01
kakka01,kakka01
kakna02,kakna02
kalal01,kalal01
kalam05,kalam05
kalan04,kalan04
kalbh04,kalbh04
kalda01,kalda01
kaldo01,kaldo01
kalki02,kalki02
kalma15,kalma15
kalra03,kalra03
kalsa12,kalsa12
kalth01,kalth01
kalvia8,kalvi08
kalvj01,kalvj01
kambi01,kambi01
kamhi02,kamhi02
kamke01,kamke01
kampr03,kampr03
kamsi01,kamsi01
kamvi04,kamvi04
kamvi05,kamvi05
kamvi06,kamvi06
kanma19,kanma19
kanne03,kanne03
kansr11,kansr11
kapja04,kapja04
karat01,karat01
karin01,karin01
karje02,karje02
karpa07,karpa07
karpa08,karpa08
karsa05,karsa05
kasar02,kasar02
kasbe02,kasbe02
kasdz01,kasdz01
kasdz01,kasdz01
kaskr04,kaskr04
kasmo03,kasmo03
kasri03,kasri03
katha03,katha03
katke03,katke03
katma13,katma13
katna06,katna06
katsr11,katsr11
katsr12,katsr12
katsw01,katsw01
katve06,katve06
katvi04,katvi04
kauha07,kauha07
kauis01,kauis01
kauku01,kauku01
kaura05,kaura05
kavgo01,kavgo01
kavja02,kavja02
kazria1,kazri01
keaha02,keaha02
keaki01,keaki01
kehma02,kehma02
keise01,keise01
kelan07,kelan07
keljoa7,keljo07
keljob7,keljo07
keljoc7,keljo07
keljod7,keljo07
kelle02,kelle02
kelma17,kelma17
kelne01,kelne01
kelni04,kelni04
kelpe03,kelpe03
kendo03,kendo03
keneda2,kened02
kenedb2,kened02
kenjo07,kenjo07
kenol01,kenol01
kenpa05,kenpa05
kepro01,kepro01
kerda04,kerda04
kerja07,kerja07
kerro06,kerro06
kesth02,kesth02
kevni01,kevni01
kewta01,kewta01
keyma01,keyma01
keyry01,keyry01
khaim03,khaim03
khake02,khake02
khane01,khane01
khaom03,khaom03
khasa18,khasa18
khash13,khash13
khata08,khata08
khmal01,khmal01
khran02,khran02
khutu01,khutu01
kidca01,kidca01
kider01,kider01
kietha1,kieth01
kilna01,kilna01
kimch04,kimch04
kimma04,kimma04
kimonadm,Generic
kimwo02,kimwo02
kinam01,kinam01
kinth04,kinth04
kisjo03,kisjo03
klede02,klede02
kleeda2,kleed02
kleedb2,kleed02
kleel02,kleel02
klepa01,klepa01
klero08,klero08
klesh02,klesh02
kliek01,kliek01
klikr01,klikr01
klima04,klima04
klimia2,klimi02
klimib2,klimi02
knili01,knili01
knoth04,knoth04
kobno01,kobno01
kocje03,kocje03
kocmi02,kocmi02
kodkr01,kodkr01
kodme01,kodme01
kodpa01,kodpa01
kodpr01,kodpr01
kodsa06,kodsa06
koeda02,koeda02
kohas01,kohas01
kolan05,kolan05
kolmi04,kolmi04
kolsh02,kolsh02
kolsr05,kolsr05
kolyea1,kolye01
koman02,koman02
komna04,komna04
komsr03,komsr03
konan06,konan06
konpr08,konpr08
konsa11,konsa11
konsa12,konsa12
konsh01,konsh01
kopma03,kopma03
korjo04,korjo04
kormu01,kormu01
korna01,korna01
korsa03,korsa03
korva02,korva02
kosal04,kosal04
kosiga1,kosig01
kotbe02,kotbe02
kotja07,kotja07
kotki01,kotki01
kotna06,kotna06
kotsu03,kotsu03
kotvi04,kotvi04
kouge02,kouge02
kouju01,kouju01
kovbo01,kovbo01
kovol01,kovol01
kowal02,kowal02
kraci01,kraci01
kragw01,kragw01
krake05,krake05
krano01,krano01
krasa02,krasa02
kriar04,kriar04
krido02,krido02
kriji01,kriji01
kripaa2,kripa02
krisr09,krisr09
krisu07,krisu07
krisu08,krisu08
krivo01,krivo01
krojo06,krojo06
krolu01,krolu01
krppa01,krppa01
kruje03,kruje03
krumaa3,kruma03
kshph01,kshph01
kuach02,kuach02
kubaga1,kubag01
kubagb1,kubag01
kubagc1,kubag01
kubma02,kubma02
kuhka01,kuhka01
kuksr01,kuksr01
kulde02,kulde02
kumab07,kumab07
kumaj04,kumaj04
kumaj05,kumaj05
kumaj06,kumaj06
kuman16,kuman16
kuman19,kuman19
kuman20,kuman20
kumar13,kumar13
kumga11,kumga11
kumga12,kumga12
kumha10,kumha10
kumka03,kumka03
kumka04,kumka04
kumma23,kumma23
kumsa19,kumsa19
kumsa48,kumsa48
kumud03,kumud03
kumvi32,kumvi32
kumvi35,kumvi35
kumvi39,kumvi39
kunba01,kunba01
kurjo05,kurjo05
kursn01,kursn01
kutaj01,kutaj01
kuzol01,kuzol01
laaca01,laaca01
labno01,labno01
lafma02,lafma02
lakga02,lakga02
lakma02,lakma02
lakna03,lakna03
lalni03,lalni03
lalsa02,lalsa02
lamjo16,lamjo16
lanca08,lanca08
lanra07,lanra07
larjo12,larjo12
larst07,larst07
lasje03,lasje03
latma03,latma03
lavra01,lavra01
lavro04,lavro04
lawam01,lawam01
lawki02,lawki02
lawkr01,lawkr01
laxan01,laxan01
lazto01,lazto01
leeje13,leeje13
leejo23,leejo23
leema13,leema13
leeme02,leeme02
leepa01,leepa01
leera06,leera06
leesi02,leesi02
leeyo10,leeyo10
lefli03,lefli03
legef01,legef01
lemjo06,lemjo06
lente01,lente01
leobr02,leobr02
leonadm,Generic
leoth01,leoth01
lepjaa2,lepja02
lepro01,lepro01
leran03,leran03
lerle01,lerle01
lerle01,lerle01
letoadm,Generic
leuch07,leuch07
leuho02,leuho02
lewri03,lewri03
liamo01,liamo01
libr41,Generic
librvsee,Generic
licez02,licez02
liefa02,liefa02
lieje03,lieje03
lieje03,lieje03
liesh01,liesh01
lifam01,lifam01
lijke01,lijke01
lijmi03,lijmi03
lilana1,lilan01
lilanb1,lilan01
limba01,limba01
limge02,limge02
limja04,limja04
limma08,limma08
limme03,limme03
limte06,limte06
linch09,linch09
linch14,linch14
linch15,linch15
lingr04,lingr04
linju05,linju05
linma1a,linma10
linma1b,linma10
linsh04,linsh04
linto01,linto01
linwi03,linwi03
linyv02,linyv02
lisde02,lisde02
lisjo04,lisjo04
lisleop,Generic
liuji11,liuji11
liujia1,liuji01
liuro05,liuro05
liuya05,liuya05
liuyua2,liuyu02
livst03,livst03
lla,Generic
lloha02,lloha02
llopa02,llopa02
loega01,loega01
loegaa1,loega01
loegab1,loega01
lofsp01,lofsp01
logjo01,logjo01
lompa02,lompa02
lontha5,lonth05
lonthb5,lonth05
lopad01,lopad01
lopja04,lopja04
loplu03,loplu03
lopma12,lopma12
lorda03,lorda03
lorjea1,lorje01
lorjeb1,lorje01
lotru01,lotru01
loujo06,loujo06
lovka03,lovka03
lowpa03,lowpa03
lowsc01,lowsc01
lrgbatch,Generic
lubam01,lubam01
lucmo01,lucmo01
ludth01,ludth01
lufda02,lufda02
lutan02,lutan02
lutch02,lutch02
lvl1col3,Generic
lvl1supp,Generic
lvl1vse1,Generic
lvl1vse4,Generic
lvl1vse9,Generic
lyaly01,lyaly01
lyesi01,lyesi01
lynja04,lynja04
lynja05,lynja05
maas1,Generic
maasbld,Generic
mabma02,mabma02
mabwa01,mabwa01
macbh02,macbh02
macch10,macch10
macja09,macja09
macjo09,macjo09
macka05,macka05
macsh05,macsh05
madeb01,madeb01
madgi01,madgi01
madma12,madma12
madve04,madve04
maeat01,maeat01
magan08,magan08
magcu01,magcu01
magja07,magja07
magte02,magte02
mahap01,mahap01
mahim02,mahim02
mahma06,mahma06
mahta02,mahta02
majhe01,majhe01
majna02,majna02
makul01,makul01
malba02,malba02
malch13,malch13
malde01,malde01
malum01,malum01
malva03,malva03
malvi07,malvi07
mamno01,mamno01
manam03,manam03
manan22,manan22
manan24,manan24
manje06,manje06
manki04,manki04
manpr05,manpr05
manra19,manra19
mansa24,mansa24
mansr09,mansr09
manvi08,manvi08
maoju02,maoju02
mapry01,mapry01
maraa03,maraa03
maral23,maral23
marar08,marar08
march31,march31
march33,march33
marda46,marda46
marde10,marde10
marfa05,marfa05
marku01,marku01
marma58,marma58
marpa28,marpa28
marro38,marro38
marry01,marry01
marsu10,marsu10
mascha9,masch09
maschb9,masch09
maschc9,masch09
masem04,masem04
masko01,masko01
maslu02,maslu02
masmi09,masmi09
masraa4,masra04
masrab4,masra04
master,Generic
mat10dr,Generic
mat10id,Generic
mat10lv,Generic
mat10mc,Generic
mat10qa,Generic
mat10qag,Generic
mat10st,Generic
mat10tk,Generic
mat10tom,Generic
mat11mc,Generic
mat11qa,Generic
mat11st,Generic
mat11tom,Generic
mat12st,Generic
mat90eng,Generic
mat90ls,Generic
mat90qa,Generic
mat90st,Generic
mata0ls,Generic
matb0ls,Generic
matbr09,matbr09
match10,match10
matde06,matde06
matga03,matga03
matkl01,matkl01
matla06,matla06
matmi18,matmi18
matmu04,matmu04
matpa07,matpa07
matqa01,Generic
matqa02,Generic
matqa03,Generic
matqa04,Generic
matqa05,Generic
matqa06,Generic
matqa07,Generic
matqa08,Generic
matqa09,Generic
matqa10,Generic
matqa11,Generic
matqa12,Generic
matro08,matro08
matsa12,matsa12
matwi05,matwi05
maucha2,mauch02
maxjo01,maxjo01
mazbr01,mazbr01
mazti01,mazti01
mcaan04,mcaan04
mccca06,mccca06
mccde15,mccde15
mccme06,mccme06
mccse09,mccse09
mccsh12,mccsh12
mccwa06,mccwa06
mcdbr02,mcdbr02
mcdka02,mcdka02
mcdne01,mcdne01
mcgan11,mcgan11
mcgja13,mcgja13
mcgky01,mcgky01
mcgsh03,mcgsh03
mckaa01,mckaa01
mckeda1,mcked01
mckje03,mckje03
mclca01,mclca01
mclhe02,mclhe02
mclmi05,mclmi05
mcmbr09,mcmbr09
mcqro03,mcqro03
meaja07,meaja07
meaka04,meaka04
mebil01,mebil01
mecbe01,mecbe01
medha01,medha01
medusadm,Generic
meesh01,meesh01
megay01,megay01
megpr01,megpr01
mehdimin,Generic
meipe03,meipe03
mekgi01,mekgi01
mekve01,mekve01
melde04,melde04
melde05,melde05
melkr02,melkr02
mellu03,mellu03
melna02,melna02
melri01,melri01
meltha2,melth02
melthc2,melth02
melthd2,melth02
melva01,melva01
melvi04,melvi04
memgo01,memgo01
menad03,menad03
menan09,menan09
menan10,menan10
menja06,menja06
menli06,menli06
menni03,menni03
meria01,meria01
merju03,merju03
merpa07,merpa07
merrow,Generic
merso01,merso01
merve01,merve01
metdoa1,metdo01
metisadm,Generic
metry01,metry01
meyja03,meyja03
meyke03,meyke03
meykea3,meyke03
mfchorus,Generic
mfwscc,Generic
miaproc,Generic
mihde01,mihde01
mijhe01,mijhe01
mikwo01,mikwo01
milal13,milal13
milch19,milch19
milch20,milch20
milgu03,milgu03
milju03,milju03
milli07,milli07
milmi05,milmi05
milmi24,milmi24
milri04,milri04
milti05,milti05
minja09,minja09
minja10,minja10
minst02,minst02
mirli01,mirli01
misak02,misak02
misan07,misan07
misas04,misas04
misay01,misay01
mishe01,mishe01
mispa01,mispa01
mispr04,mispr04
missa04,missa04
missh05,missh05
missm01,missm01
missu02,missu02
missu05,missu05
mitcr02,mitcr02
mitni05,mitni05
mjool01,mjool01
mohab17,mohab17
moham03,moham03
mohim02,mohim02
mohla02,mohla02
mohna01,mohna01
mohna05,mohna05
mohnaa1,monna01
mohnaa5,mohna05
mohpr02,mohpr02
mohsu03,mohsu03
mohvi03,mohvi03
molce01,molce01
molda02,molda02
momra01,momra01
monal09,monal09
moncl02,moncl02
monfe03,monfe03
monfg01,monfg01
monga02,monga02
monjo06,monjo06
monvi04,monvi04
mooda01,mooda01
moojo10,moojo10
moora07,moora07
moova01,moova01
moowi06,moowi06
moran22,moran22
morbr10,morbr10
morch22,morch22
morja01,morja01
morjo29,morjo29
morjo30,morjo30
morjo31,morjo31
morke11,morke11
mormi23,mormi23
morpe06,morpe06
morpea6,morpe06
morpr04,morpr04
morro25,morro25
morto07,morto07
morwia8,morwi08
morwib8,morwi08
morwic8,morwi08
morwid8,morwi08
moryo05,moryo05
mosry01,mosry01
motam01,motam01
motmstc,Generic
motsa03,motsa03
mouke01,mouke01
moupa01,moupa01
moush02,moush02
msmbmgr,Generic
msmcproc,Generic
msmemgr,Generic
msmqa01,msmqa01
msmqa02,Generic
msmqa03,msmqa03
msmqa04,Generic
msmserv,Generic
mspqa01,mspqa01
mszadm,Generic
mtaidtom,Generic
mtamctom,Generic
mtcoi01,mtcoi01
mucra01,mucra01
mudpr02,mudpr02
mudra06,mudra06
mueme01,mueme01
mujra01,mujra01
mukma05,mukma05
mulba01,mulba01
mulpa03,mulpa03
munah02,munah02
munbh03,munbh03
munch02,munch02
mundea1,munde01
mundeb1,munde01
munmo05,munmo05
munsa05,munsa05
munve04,munve04
mupsu01,mupsu01
murba05,murba05
murdu01,murdu01
murgo01,murgo01
murmi1a,murmi10
murpa16,murpa16
murpr04,murpr04
murri02,murri02
mursl01,mursl01
murtoa3,murto03
murtob3,murto03
muryo02,muryo02
musme01,musme01
musva01,musva01
mutan02,mutan02
muthr01,muthr01
mutpr01,mutpr01
mutsu02,mutsu02
mvsman,Generic
mykta01,mykta01
mylma02,mylma02
nadru01,nadru01
nagla01,nagla01
nagma05,nagma05
nagte01,nagte01
naipr06,naipr06
nakra01,nakra01
nakto04,nakto04
nalch04,nalch04
nalki02,nalki02
nalve01,nalve01
nanbr01,nanbr01
nanpa03,nanpa03
nansh04,nansh04
naral01,naral01
narma12,narma12
narna04,narna04
narni03,narni03
narsu07,narsu07
narsu08,narsu08
nasjoa4,nasjo04
nasjob4,nasjo04
natjo02,natjo02
natta01,natta01
natvi03,natvi03
navbh01,navbh01
navep03,navep03
navgu01,navgu01
navka01,navka01
navmi02,navmi02
navro01,navro01
nayho01,nayho01
nayma02,nayma02
ndhpa01,ndhpa01
ndvmfma,Generic
ndvmfne,Generic
ndvmfno,Generic
ndvmfpr,Generic
ndvmfso,Generic
ndvmfts,Generic
ndvmfwa,Generic
ndvuser,Generic
neaca01,neaca01
neajo02,neajo02
nearo04,nearo04
neeje01,neeje01
neera02,neera02
neest01,neest01
nefvi01,nefvi01
negri01,negri01
negri01,negri01
neigr01,neigr01
nekar01,nekar01
nelke02,nelke02
nelpa05,nelpa05
nesda01,nesda01
net,Generic
nevri02,nevri02
newbh01,newbh01
newgr02,newgr02
newid,Generic
newja06,newja06
newtso,Generic
ng$ge01,ng$ge01
ng$gea1,ng$ge01
ngima01,ngima01
nguph09,nguph09
nguvi02,nguvi02
nicad01,nicad01
nicch05,nicch05
nicma03,nicma03
nieza01,nieza01
nikeadm,Generic
nikse02,nikse02
nirar01,nirar01
nirbo01,nirbo01
nkomo01,nkomo01
nmdcics,Generic
nmdstk1,Generic
nmdstk2,Generic
nmdtpa,Generic
nmuser1,Generic
nmuser2,Generic
nmuser3,Generic
nmuser4,Generic
nogle01,nogle01
nonno01,nonno01
norce01,norce01
norjo13,norjo13
norpaa4,norpa04
norpab4,norpa04
norsa01,norsa01
noryo01,noryo01
notsu01,notsu01
novgu02,novgu02
noviv01,noviv01
novma03,novma03
novma04,novma04
novva01,novva01
nugka02,nugka02
nussc01,nussc01
nutte01,nutte01
nvistc,Generic
nxbridg,Generic
nxbridg2,Generic
nyxadm,Generic
obeer01,obeer01
obrbr02,obrbr02
obrke12,obrke12
obrta03,obrta03
ochta01,ochta01
ocoky01,ocoky01
odajo01,odajo01
odest02,odest02
odomi05a,odomi05
odomia5,odomi05
odrki01,odrki01
oestr01,oestr01
ohape02,ohape02
olaga01,olaga01
olare01,olare01
olech03,olech03
olide02,olide02
olima11,olima11
olipe05,olipe05
olsno01,olsno01
oltra01,oltra01
olvte01,olvte01
oms,Generic
omsb,Generic
omvs,Generic
omvsdflt,Generic
onelaa3,onela03
onelab3,onela03
onelac3,onela03
onelad3,onela03
onelae3,onela03
onepe01,onepe01
oneth01,oneth01
oneth01,oneth01
opca,Generic
opmstc,Generic
opsosf,Generic
opsosfp,Generic
optos,Generic
orlan03,orlan03
orlde01,orlde01
orlma04,orlma04
orlol02,orlol02
orrsa01,orrsa01
ortkia1,ortki01
ortkib1,ortki01
ortmi02,ortmi02
orukr01,orukr01
osijcl,Generic
otema01,otema01
ottfa01,ottfa01
ottje02,ottje02
oveli01,oveli01
ozake01,ozake01
pabki01,pabki01
pacce02,pacce02
pacir01,pacir01
pacja06,pacja06
padas01,padas01
pagch04,pagch04
paghe02,paghe02
pagsp03,pagsp03
palch12,palch12
palja11,palja11
palna03,palna03
panaj04,panaj04
panis01,panis01
panla04,panla04
panmy02,panmy02
panna02,panna02
panra13,panra13
panru04,panru04
pansr01,pansr01
panta02,panta02
panve02,panve02
papka01,papka01
parab02,parab02
paral07,paral07
paras03,paras03
parch16,parch16
parda18,parda18
parji05,parji05
parma36,parma36
parmi18,parmi18
parpr15,parpr15
parre02,parre02
passu03,passu03
pataj02,pataj02
patan10,patan10
patdi07,patdi07
patgr03,patgr03
patja17,patja17
patmi15,patmi15
patnia4,patni04
patnib4,patni04
pator02,pator02
patpi01,patpi01
patra17,patra17
patsa06,patsa06
patse04,patse04
patsh17,patsh17
patth03,patth03
pavpe01,pavpe01
pavpe01b,pavpe01
pavpe01c,pavpe01
pavto03,pavto03
pavtoa2,pavto02
pavtob2,pavto02
pawsh02,pawsh02
pdsmant,Generic
pdsmqa,Generic
pdsmrp1,Generic
pdsmst,Generic
peaje01,peaje01
peasa01,peasa01
peast02,peast02
pecda01,pecda01
pedav01,pedav01
peddo01,peddo01
pedsr01,pedsr01
pedsr02,pedsr02
pedth02,pedth02
peepu01,peepu01
peera03,peera03
peeru01,peeru01
penpr02,penpr02
penty01,penty01
peran14,peran14
perch13,perch13
perda12,perda12
perjo26,perjo26
perjo29,perjo29
perma22,perma22
perob01,perob01
perpa14,perpa14
perve05,perve05
petaa01,petaa01
petat01,petat01
petde08,petde08
petjo10,petjo10
petjoa1,petjo01
petju05,petju05
petmi13,petmi13
petsh05,petsh05
petty01,petty01
peyhe01,peyhe01
pfldaa2,pflda02
phach03,phach03
phibr01,phibr01
phija08,phija08
phuta01,phuta01
piasz01,piasz01
picja05,picja05
picmia3,picmi03
piedo03,piedo03
piets01,piets01
piewi04,piewi04
piewi04,piewi04
pilve01,pilve01
pinro08,pinro08
pinve01,pinve01
pinyu02,pinyu02
piora01,piora01
piqma01,piqma01
pirfr01,pirfr01
pirga01,pirga01
plapea3,plape03
platdev,Generic
plath02,plath02
platoadm,Generic
plebe01,plebe01
plete01,plete01
plube01,plube01
pma11qa,Generic
pma85am,Generic
pma90qa,Generic
pogro02,pogro02
pokda01,pokda01
pokta01,pokta01
polan04,polan04
poliv03,poliv03
polja06,polja06
polji01,polji01
polke01,polke01
polpu02,polpu02
polro05,polro05
polry01,polry01
polsr03,polsr03
polve03,polve03
pomak01,pomak01
pomdaa1,pomda01
pomka01,pomka01
pondi02,pondi02
poopr02,poopr02
poora05,poora05
poseiadm,Generic
posgu01,posgu01
potva01,potva01
potwi01,potwi01
pousi01,pousi01
ppates1,Generic
ppates2,Generic
ppsptf,Generic
pragqat,Generic
praha10,praha10
praka01,praka01
praom01,praom01
prara18,prara18
prara19,prara19
prara21,prara21
prash11,prash11
prata02,prata02
praud01,praud01
prejo13,prejo13
prela01,prela01
preni03,preni03
prida07,prida07
pripa07,pripa07
priru01,priru01
proje02,proje02
prosa02,prosa02
pryth01,pryth01
pular02,pular02
pulva02,pulva02
punma03,punma03
punsh01,punsh01
punsu01,punsu01
pusgr01,pusgr01
puspr01,puspr01
putsr07,putsr07
putve01,putve01
q54serv,Generic
qadba01,Generic
qadba02,Generic
qadba03,Generic
qadba04,Generic
qadba05,Generic
qaedb2,Generic
qagen,Generic
qahrdn1,Generic
qahrdn10,Generic
qahrdn2,Generic
qahrdn3,Generic
qahrdn4,Generic
qaidb2,Generic
qains01,Generic
qains02,Generic
qains03,Generic
qam1,Generic
qamtl2,Generic
qanm,Generic
qanm1,Generic
qanm18,Generic
qanmd1,Generic
qanmd2,Generic
qanmd3,Generic
qanmd4,Generic
qaofa,Generic
qaofs,Generic
qaofs2,Generic
qaom001,Generic
qaops01,Generic
qapda01,Generic
qapda02,Generic
qapda03,Generic
qapfl01,Generic
qapfl02,Generic
qapfl03,Generic
qapfu,Generic
qapfu01,Generic
qapfu02,Generic
qapfu03,Generic
qapit00,Generic
qapit01,Generic
qapla,Generic
qapri,Generic
qaput,Generic
qarcm,Generic
qarcm1,Generic
qarcm2,Generic
qarcm3,Generic
qarcm4,Generic
qarcm5,Generic
qarcm6,Generic
qarcmo,Generic
qarcmp,Generic
qarcq,Generic
qarcs,Generic
qarcu,Generic
qarcx,Generic
qaresm1,Generic
qarmm,Generic
qartp01,Generic
qartp02,Generic
qartp03,Generic
qarzos1,Generic
qaserv,Generic
qasysjo,Generic
qijso01,qijso01
qinja01,qinja01
qiuta01,qiuta01
qiuxu01,qiuxu01
quash03,quash03
quasy03,quasy03
queka01,queka01
quian04,quian04
quido01,quido01
quije08,quije08
quimi05,quimi05
quive01,quive01
qurka01,qurka01
raabe01,raabe01
rabda04,rabda04
rabfa01,rabfa01
rabmi01,rabmi01
rabtr01,rabtr01
racte01,racte01
radan03,radan03
raggr01,raggr01
ragpa04,ragpa04
rahmd01,rahmd01
rahmu04,rahmu04
raije01,raije01
rajaa01,rajaa01
rajan09,rajan09
rajbk01,rajbk01
rajja04,rajja04
rajpr02,rajpr02
rajpr03,rajpr03
rajra20,rajra20
rajsa06,rajsa06
rambh02,rambh02
ramca04,ramca04
ramis,Generic
ramja16,ramja16
ramma24,ramma24
ramra20,ramra20
ramsr07,ramsr07
ramsu10,ramsu10
ramsu11,ramsu11
ramsync,Generic
ramvi16,ramvi16
ranhu02,ranhu02
ranna01,ranna01
ranra13,ranra13
ranra14,ranra14
ranra15,ranra15
raoga02,raoga02
rapscms,Generic
rapsvsm,Generic
rasch06,rasch06
rasko01,rasko01
rasmi03,rasmi03
raspe03,raspe03
rasra03,rasra03
ratka04,ratka04
ravjo01,ravjo01
ravve01,ravve01
rawan03,rawan03
rawro02,rawro02
raybr02,raybr02
rayem01,rayem01
rayna01,rayna01
rayra03,rayra03
rayro03,rayro03
raysr02,raysr02
razek01,razek01
reake01,reake01
reari01,reari01
recan01,recan01
redan05,redan05
redde07,redde07
redha02,redha02
redha04,redha04
redju03,redju03
redni02,redni02
redpr11,redpr11
redra16,redra16
redra17,redra17
redsr06,redsr06
redsr07,redsr07
redta03,redta03
redud01,redud01
reesi04,reesi04
reifi01,reifi01
reist08,reist08
release,Generic
repji01,repji01
repma01,repma01
retpa01,retpa01
rezro01,rezro01
rezsa02,rezsa02
rhoda03,rhoda03
rhoth02,rhoth02
rhoti01,rhoti01
ricce03,ricce03
richo04,richo04
ricpe03,ricpe03
ridos01,ridos01
rigch03,rigch03
rikar02,rikar02
riksa01,riksa01
ripmi03,ripmi03
ritgi01,ritgi01
rivro06,rivro06
rklgo01,rklgo01
rklgo01,rklgo01
rmf,Generic
robal05,robal05
robca05,robca05
robho01,robho01
robho02,robho02
robjaa7,robja07
robjo22,robjo22
robke11,robke11
robra04,robra04
robth02,robth02
robva01,robva01
rocjo08,rocjo08
rodad03,rodad03
rodan04,rodan04
rohma02,rohma02
rojal01,rojal01
rokira1,rokir01
rokirb1,rokir01
romfe01,romfe01
ronro05,ronro05
rooca03,rooca03
roscoe,Generic
roscoe61,Generic
roscoep,Generic
rosdev,Generic
rosel07,rosel07
roshe03,roshe03
rosje17,rosje17
rosma2c,rosma22
rosna03,rosna03
rosri04,rosri04
rosse05,rosse05
rotma04,rotma04
rouph02,rouph02
royma03,royma03
roysa03,roysa03
rozma01,rozma01
rozria1,rozri01
rubal04,rubal04
rubje02,rubje02
rubma06,rubma06
rufwi01,rufwi01
ruiju01,ruiju01
rupri01,rupri01
rusma14,rusma14
rutri03,rutri03
ryade04,ryade04
ryaro02,ryaro02
sabka03,sabka03
sabre01,sabre01
sacka01,sacka01
sacmaa1,sacma01
sacpo01,sacpo01
sadfa01,sadfa01
sadol01,sadol01
sahas01,sahas01
sahcla1,sahcl01
sahdh02,sahdh02
sahpr07,sahpr07
sahra13,sahra13
saian01,saian01
saiko01,saiko01
sakpr01,sakpr01
saksr02,saksr02
sakyu04,sakyu04
salal11,salal11
salch05,salch05
salch05,salch05
salha06,salha06
salja04,salja04
salmo09,salmo09
salsc01,salsc01
samba02,samba02
samjaa4x,samja04
samro06,samro06
samtu01,samtu01
samvi04,samvi04
sanba03,sanba03
sanca09,sanca09
sanch09,sanch09
sanda18,sanda18
sanke09,sanke09
sanna09,sanna09
sanni07,sanni07
sanni08,sanni08
sanor02,sanor02
sanri15,sanri15
sansa04,sansa04
sanso04,sanso04
sarkr02,sarkr02
sarra09,sarra09
sarroa4,sarro04
sarsi02,sarsi02
sasyo02,sasyo02
satan04,satan04
satka02,satka02
saure01,saure01
saure02,saure02
saurea1,saure01
saxsu01,saxsu01
sayja01,sayja01
sbx720,Generic
scaroa2,scaro02
schaa01,schaa01
schbe13,schbe13
schbr30,schbr30
schca19,schca19
schd90,Generic
schfr21,schfr21
schjo02,schjo02
schjo04,schjo04
schjod2,schjo02
schkea1,schke01
schkea2,schke01
schkeb1,schke01
schmi57,schmi57
schmid0,schmi52
schmid0,schmid0
schpa30,schpa30
schpa31,schpa31
schra18,schra18
schro44,schro44
schroa3,schro03
schse03,schse03
schwi15,schwi15
sciag01,sciag01
scoch06,scoch06
scoma06,scoma06
scqa31,Generic
scucl01,scucl01
scuwi01,scuwi01
sdnm,Generic
sebde02,sebde02
secmst,Generic
secqc,Generic
seeri03,seeri03
seesh02,seesh02
sehpo01,sehpo01
selfl01,selfl01
serad01,serad01
serhu03,serhu03
serv72,Generic
serv72b,Generic
serv72c,Generic
serva01,serva01
sesal03,sesal03
setan02,setan02
setbh02,setbh02
setma01,setma01
sewbo01,sewbo01
seyke03,seyke03
sfs$gis,Generic
sfsadmin,Generic
shaab12,shaab12
shaam17,shaam17
shaan33,shaan33
shaba15,shaba15
shabi01,shabi01
shabr08,shabr08
shabr09,shabr09
shaca01,shaca01
shach18,shach18
shada13,shada13
shadi10,shadi10
shaga12,shaga12
shagu03,shagu03
shaha13,shaha13
shaim02,shaim02
shaka19,shaka19
shakh06,shakh06
shaly02,shaly02
shasa38,shasa38
shasa42,shasa42
shasa42,shasa42
shasa47,shasa47
shash26,shash26
shash27,shash27
shaso13,shaso13
shata07,shata07
shavi20,shavi20
shayu02,shayu02
shcal01,shcal01
sheaj01,sheaj01
shean18,shean18
sheau01,sheau01
sheav01,sheav01
sheja14,sheja14
shejo14,shejo14
sheni04,sheni04
shero14,shero14
sheso02,sheso02
shewi04,shewi04
sheya02,sheya02
shiam02,shiam02
shiji04,shiji04
shima12,shima12
shish09,shish09
shive01,shive01
shizh02,shizh02
shodo02,shodo02
shoma07,shoma07
shoti02,shoti02
shuca04,shuca04
shudi03,shudi03
shukr03,shukr03
shupr01,shupr01
shyva01,shyva01
shyva02,shyva02
sicro02,sicro02
sidha01,sidha01
sidsu05,sidsu05
sidta02,sidta02
sidzaa1,sidza01
sidzac1,sidza01
siele01,siele01
siemi03,siemi03
sieri02,sieri02
sikra02,sikra02
silan11,silan11
silga08,silga08
sille03,sille03
silra06,silra06
silro11,silro11
silvi02,silvi02
simbr07,simbr07
simdo01,simdo01
simle03,simle03
simmi14,simmi14
simvl02,simvl02
sinab10,sinab10
sinab12,sinab12
sinan29,sinan29
sinar06,sinar06
sindi04,sindi04
singa17,singa17
sinja18,sinja18
sinja22,sinja22
sinjo08,sinjo08
sinka13,sinka13
sinka14,sinka14
sinma19,sinma19
sinne06,sinne06
sinni11,sinni11
sinpr18,sinpr18
sinra04,sinra04
sinra38,sinra38
sinra41,sinra41
sinra42,sinra42
sinsh15,sinsh15
sinsh16,sinsh16
sinsu18,sinsu18
sinth01,sinth01
sinti02,sinti02
sintr02,sintr02
sinvi18,sinvi18
sinvi19,sinvi19
sirjoa1,sirjo01
sirsr03,sirsr03
sirsu02,sirsu02
siviv01,siviv01
sivso01,sivso01
skaam01,skaam01
skoroa2,skoro02
slaje03,slaje03
slaka02,slaka02
sleon01,sleon01
slija02,slija02
smast03,smast03
smast03,smast03
smdlmf1,Generic
smian23,smian23
smian24,smian24
smibr19,smibr19
smica11,smica11
smija31,smija31
smije17,smije17
smile10,smile10
smili05,smili05
smimi21,smimi21
smimi23,smimi23
smine03,smine03
smipe04,smipe04
smipea4,smipe04
smira05,smira05
smivi04,smivi04
smtp,Generic
snapa04,snapa04
snebr03,snebr03
snire01,snire01
snoka02,snoka02
soeda01,soeda01
soiki01,soiki01
solmi03,solmi03
solonadm,Generic
somdi04,somdi04
somje01,somje01
somum01,somum01
songu02,songu02
sonmo02,sonmo02
sooel01,sooel01
sopvi01,sopvi01
sorlo01,sorlo01
sorlo02,sorlo02
sormi02,sormi02
sorok01,sorok01
sorvo01,sorvo01
sosan01,sosan01
sospe01,sospe01
souad01,souad01
soudu02,soudu02
souva03,souva03
spaer01,spaer01
spaja03,spaja03
spasu01,spasu01
speana3,spean03
spegr04,spegr04
speyo01,speyo01
spijo09,spijo09
spohe01,spohe01
sqaprod,Generic
sqatest,Generic
sqlmach,Generic
sraye01,sraye01
srepa01,srepa01
sriab05,sriab05
sriab05,sriab05
sriad03,sriad03
srian08,srian08
sriba01,sriba01
srine03,srine03
srisa10,srisa10
srisr10,srisr10
srisu11,srisu11
srupa01,srupa01
srusr01,srusr01
ssddah,Generic
sshd,Generic
staal08,staal08
staal09,staal09
staca04,staca04
stage05,stage05
starsys,Generic
stasa04,stasa04
stati03,stati03
stati04,stati04
stccsf,Generic
stcdef,Generic
stcdev,Generic
stcsys,Generic
stean15,stean15
steer06,steer06
steho02,steho02
steje08,steje08
stejea8,steje08
steli06,steli06
stemi20,stemi20
stena05,stena05
stena06,stena06
stepe05,stepe05
steri02,steri02
sterya1,stery01
steryb1,stery01
stesa05,stesa05
stesa06,stesa06
stich01,stich01
stkhsc,Generic
stnm2,Generic
stnmbsys,Generic
stnmssi,Generic
stoli02,stoli02
stost08,stost08
stote03,stote03
strbe02,strbe02
strjia2,strji02
strpe07,strpe07
strro02,strro02
strro16,strro16
stryo01,stryo01
stuce01,stuce01
stumaa2,stuma02
stust02,stust02
stuza01,stuza01
styxadm,Generic
subla03,subla03
submu02,submu02
submu03,submu03
subso03,subso03
sudra02,sudra02
sugma06,sugma06
suijo02,suijo02
sulom01,sulom01
sulro05,sulro05
sulst04,sulst04
sulzda1,sulzd01
sumal01,sumal01
sumch01,sumch01
sumsi02,sumsi02
sunna04,sunna04
sunsia1,sunsi01
sunsib1,sunsi01
sunsu04,sunsu04
sunyi03,sunyi03
sunyo01,sunyo01
suoyi01,suoyi01
supptf,Generic
surar02,surar02
surdh02,surdh02
surki03,surki03
surla02,surla02
surna03,surna03
surni04,surni04
surpe01,surpe01
surwi01,surwi01
sutro06,sutro06
suvyu01,suvyu01
suyvi01,suyvi01
svamia1,svami01
svmtjd,Generic
svts,Generic
swabe01,swabe01
swami03,swami03
sweda03,sweda03
swiwi01,swiwi01
syder01,syder01
syefa03,syefa03
syrto01,syrto01
sysvdev,Generic
szeta02,szeta02
szyma01,szyma01
tafch01,tafch01
tahte01,tahte01
taian03,taian03
talba01,talba01
talka02,talka02
talro04,talro04
talsu02,talsu02
tamav01,tamav01
tamsua2,tamsu02
tanan08,tanan08
tanda05,tanda05
tanda06,tanda06
tanmi07,tanmi07
tanna04,tanna04
tanst07,tanst07
tanwe05,tanwe05
taoyu04,taoyu04
tapecre8,Generic
tardi01,tardi01
tarma07,tarma07
tasja01,tasja01
tatel01,tatel01
taysh02,taysh02
tcpip,Generic
tdmfm01,Generic
tdmfm02,Generic
teama01,teama01
teima01,teima01
teist01,teist01
tejth01,tejth01
telma04,telma04
telus01,telus01
tenha02,tenha02
tenje01,tenje01
teodo01,teodo01
terma07,terma07
test03,Generic
test04,Generic
test05,Generic
test06,Generic
test07,Generic
test08,Generic
test09,Generic
test10,Generic
tesvi01,tesvi01
tevgi01,tevgi01
thaka07,thaka07
thame02,thame02
thara11,thara11
thava01,thava01
theiaadm,Generic
thekj01,thekj01
thesi01,thesi01
thiva02,thiva02
thoan15,thoan15
thoda21,thoda21
thoge02,thoge02
thojaa8,thoja08
thojo26,thojo26
thoka10,thoka10
tholoa1,tholo01
thosc02,thosc02
thosw01,thosw01
thuje04,thuje04
tidgr01,tidgr01
tiema03,tiema03
tiler01,tiler01
tinmi01,tinmi01
tipvi01,tipvi01
tirar01,tirar01
tng390l2,Generic
tobsh02,tobsh02
tomro05,tomro05
tomsh04,tomsh04
tools,Generic
topki01,topki01
torge02,torge02
torge03,torge03
totja02,totja02
totje02,totje02
tovol01,tovol01
tpx01,Generic
tpxid01,Generic
tpxid02,Generic
tpxstc,Generic
trada07,trada07
traru01,traru01
trasy01,trasy01
treja06,treja06
trero02,trero02
triha02,triha02
trijo01,trijo01
trikl02,trikl02
trikl02,trikl02
tritst1,Generic
tritst2,Generic
tritst3,Generic
tritst4,Generic
tritst5,Generic
tritst6,Generic
tritst7,Generic
tritst8,Generic
tritst9,Generic
tritste,Generic
trivi04,trivi04
troco01,troco01
troja08,troja08
troyv05,troyv05
tsbatch,Generic
tso,Generic
tsomonst,Generic
tsoplsst,Generic
tssbtch,Generic
tssfad,Generic
tssfad1,Generic
tssfad2,Generic
tssisos,Generic
tsskms,Generic
tssmroa,Generic
tssmrob,Generic
tsspdc,Generic
tsspdc1,Generic
tsstwc,Generic
tssvecut,Generic
tssvegen,Generic
tssvml2,Generic
tssvse30,Generic
tstadg1,Generic
tstadg2,Generic
tstadg3,Generic
tstadg4,Generic
tstadg5,Generic
tstadg6,Generic
tstadg7,Generic
tstadg8,Generic
tstadge,Generic
tstdb01,Generic
tstdb02,Generic
tstdb03,Generic
tstdb04,Generic
tstdb05,Generic
tstdb06,Generic
tstdb0e,Generic
tsumi05,tsumi05
ttbld01,Generic
ttsdmx1,Generic
ttsdmx2,Generic
ttsdmx3,Generic
ttsdmx4,Generic
ttsint1,Generic
ttsint2,Generic
ttsint3,Generic
ttsint4,Generic
ttsint5,Generic
ttsopt1,Generic
ttsopt2,Generic
ttsopt3,Generic
ttsopt4,Generic
ttssym1,Generic
ttssym2,Generic
ttssym3,Generic
ttssym4,Generic
ttsvry1,Generic
ttsvry2,Generic
ttsvry3,Generic
ttsvry4,Generic
tubha01,tubha01
tucan02,tucan02
tucjoa2,tucjo02
tucjob2,tucjo02
tucjoc2,tucjo02
tucjod2,tucjo02
tuman01,tuman01
tun10sg,Generic
tun41ls,Generic
tun42gh,Generic
tun42jq,Generic
tun42ls,Generic
tun42qa,Generic
tun85am,Generic
tun85gh,Generic
tun85id,Generic
tun85jq,Generic
tun85ls,Generic
tun85lv,Generic
tun85mc,Generic
tun85qa,Generic
tun85sg,Generic
tun85st,Generic
tun85tk,Generic
tun90gh,Generic
tun90id,Generic
tun90lv,Generic
tun90mc,Generic
tun90sg,Generic
tun90tk,Generic
turke01,turke01
turla05,turla05
turna01,turna01
turvo01,turvo01
tutgi02,tutgi02
twema01,twema01
twydo01,twydo01
tyava01,tyava01
tylgaa1,tylga01
tylgab1,tylga01
tynbr01,tynbr01
tyradm,Generic
tyrpa03,tyrpa03
uedka01,uedka01
ulefr01,ulefr01
ulrsu01,ulrsu01
uluha01,uluha01
umasua1,umasu01
umlro01,umlro01
ungan01,ungan01
upasa02,upasa02
uppan01,uppan01
uppva01,uppva01
urapr01,urapr01
urmru01,urmru01
usi162vc,Generic
uzato01,uzato01
vadga01,vadga01
vadma02,vadma02
vajma02,vajma02
vakdw01,vakdw01
valca08,valca08
valdaa1,valda06
vales01,vales01
vanbe05,vanbe05
vanch20,vanch20
vanja01,vanja01
vanje02,vanje02
vankl01,vankl01
vanmi14,vanmi14
vanpa20,vanpa20
vanpe09,vanpe09
vanra11,vanra11
vansh04,vansh04
vantage,Generic
vantdev,Generic
vantgui,Generic
vantprd,Generic
varba04,varba04
varch05,varch05
varje03,varje03
varjo07,varjo07
varmu01,varmu01
varra07,varra07
varra08,varra08
vaspa05,vaspa05
vassi01,vassi01
vaujo01,vaujo01
vedke01,vedke01
veema02,veema02
veera04,veera04
vegsa01,vegsa01
vegsu01,vegsu01
velal03,velal03
velan03,velan03
velji01,velji01
velpe03,velpe03
velsa02,velsa02
velsu05,velsu05
vemva02,vemva02
venap01,venap01
vende02,vende02
venha01,venha01
venma10,venma10
venra09,venra09
veram03,veram03
verma15,verma15
verst03,verst03
versw04,versw04
verta02,verta02
vervi02,vervi02
vesya01,vesya01
viljo06,viljo06
vilpi03,vilpi03
vilre05,vilre05
vindo01,vindo01
vindo02,vindo02
vindoa1,vindo01
vindob1,vindo01
vindoc1,vindo01
vinpr01,vinpr01
vinru01,vinru01
vinsw01,vinsw01
virku01,virku01
visra07,visra07
vitan02,vitan02
vitth02,vitth02
vivan02,vivan02
vk$vi01,vk$vi01
vlcvia1,vlcvi01
vmacct,Generic
vmanager,Generic
vmb4vmz,Generic
vmbackup,Generic
vmmigrat,Generic
vmsched,Generic
vmsfsadm,Generic
vmx$0001,Generic
vmx$0002,Generic
vmxa10,Generic
vmxa12,Generic
vmxa20,Generic
vmxa25,Generic
vnofra1,vnofr01
vogja02,vogja02
vohga01,vohga01
vonjo01,vonjo01
vonst04,vonst04
voool01,voool01
voyga01,voyga01
vsedc07,Generic
vsedc10,Generic
vselvl2a,Generic
vselvl2b,Generic
vselvl2c,Generic
vselvl2d,Generic
vselvl2e,Generic
vselvl2f,Generic
vselvl2g,Generic
vselvl2h,Generic
vselvl2i,Generic
vselvl2j,Generic
vselvl2k,Generic
vselvl2l,Generic
vsemmf01,Generic
vseqasp,Generic
vseqasv,Generic
vserisp,Generic
vsesp21,vsesp21
vsetc1,Generic
vsetc2,Generic
vsetc3,Generic
vsetc4,Generic
vsetc5,Generic
vsetc6,Generic
vtape01,Generic
vtqa1,Generic
vtqa2,Generic
vtqa3,Generic
vtrmdev,Generic
vtrmdev2,Generic
vuppr03,vuppr03
vutma01,vutma01
wagma11,wagma11
wagsi01,wagsi01
walau01,walau01
walda32,walda32
walda33,walda33
walfr05,walfr05
walja21,walja21
walji02,walji02
walma30,walma30
walma30b,walma30
walma30c,walma30
walma30d,walma30
walpa11,walpa11
walro24,walro24
walso02,walso02
walwi10,walwi10
wanbo03,wanbo03
wanch15,wanch15
wanha03,wanha03
wanha05,wanha05
wanha06,wanha06
wanka05,wanka05
wanlu03,wanlu03
wanwe17,wanwe17
warpa12,warpa12
wasfa01,wasfa01
watad01,watad01
watja10,watja10
watji01,watji01
watjia1,watji01
watta05,watta05
weasta1,weast01
weastb1,weast01
weastc1,weast01
webja07,webja07
webje09,webje09
webka04,webka04
websprod,Generic
weifr06,weifr06
weike06,weike06
weile02,weile02
weisu02,weisu02
weisu03,weisu03
weiti01,weiti01
weito05,weito05
welst06,welst06
weltia1,welti01
werwa01,werwa01
wesca04,wesca04
wesma10,wesma10
which11,which11
whiet01,whiet01
whifr02,whifr02
whykr01,whykr01
wigjaa1,wigja01
wilav01,wilav01
wilca17,wilca17
wilch06,wilch06
wilda33,wilda33
wiler10,wiler10
wiler13,wiler13
wilfr12,wilfr12
wilfr12,wilfr12
wilga12,wilga12
wilja25,wilja25
wilja38,wilja38
wiljo37,wiljo37
wille03,wille03
wilma27,wilma27
wilma34,wilma34
wilmo02,wilmo02
wilpa27,wilpa27
wilru05,wilru05
wilsa08,wilsa08
wiltr06,wiltr06
winco01,winco01
winma10,winma10
winst08,winst08
witraa1,witra01
witrab1,witra01
witru01,witru01
wonch14,wonch14
woncr01,woncr01
wonda07,wonda07
wonwea2,wonwe02
wooal05,wooal05
woobr03,woobr03
wooma16,wooma16
worma01,worma01
wrijo05,wrijo05
wrimi03,wrimi03
wunvi01,wunvi01
wuvju02,wuvju02
wymda01,wymda01
wymja02,wymja02
xavpu01,xavpu01
xcauto1,Generic
xcauto2,Generic
xcom,Generic
xcomacid,Generic
xcomphr,Generic
xcomphr1,Generic
xcomstc,Generic
xcomusr,Generic
xiari01,xiari01
xuvji06,xuvji06
xuvya02,xuvya02
yadar03,yadar03
yadpr04,yadpr04
yadro02,yadro02
yadsa06,yadsa06
yadsu03,yadsu03
yakau01,yakau01
yakiv01,yakiv01
yalna03,yalna03
yamyu10,yamyu10
yanhu08,yanhu08
yanke05,yanke05
yanli01,yanli01
yanxu04,yanxu04
yarjo01,yarjo01
yarra02,yarra02
yatda02,yatda02
yaysr01,yaysr01
yekar02,yekar02
yelja02,yelja02
yelpr01,yelpr01
yenja01,yenja01
yerra03,yerra03
yeryu01,yeryu01
yewer01,yewer01
yimso01,yimso01
ymiradm,Generic
ynalua1,ynalu01
yonli03,yonli03
yooke01,yooke01
yorch01,yorch01
youel03,youel03
youer02,youer02
youhe01,youhe01
youmi04,youmi04
youmia4,youmi04
yousa01,yousa01
yuacha1,yuach01
yuachb1,yuach01
yuash01,yuash01
yuned01,yuned01
yurol01,yurol01
yuvda05,yuvda05
yuvyi03,yuvyi03
zaisya1,zaisy01
zakme01,zakme01
zawem01,zawem01
zayan01,zayan01
zelja05,zelja05
zeljoa2,zeljo02
zeljob2,zeljo02
zemke01,zemke01
zenal01,zenal01
zende01,zende01
zenoadm,Generic
zeusadm,Generic
zhaan08,zhaan08
zhaji26,zhaji26
zhajo03,zhajo03
zhali03,zhali03
zhalia3,zhali03
zhami09,zhami09
zhazo01,zhazo01
zhoru03,zhoru03
zouta01,zouta01
zouta01,zouta01
zural02,zural02
zyhta01,zyhta01
kergl01,kergl01
leged01,leged01
slejo01,slejo01
bareu01,bareu01
damda01,damda01
fadge03,fadge03
fisja01,fisja01
hinpa03,hinpa03
maljo10,maljo10
baxth01,baxth01
chate03,chate03
cicth01,cicth01
coape02,coape02
cropa02,cropa02
cunke02,cunke02
henad01,henad01
kauge01,kauge01
kemra01,kemra01
kloda01,kloda01
kotpa01,kotpa01
lowja01,lowja01
lugbr01,lugbr01
petja04,petja04
pieke02,pieke02
pinjo01,pinjo01
prija05,prija05
reipa02,reipa02
robna08,robna08
roder01,roder01
sakth01,sakth01
tamja03,tamja03
blami02,blami02
strth01,strth01
bayjo02,bayjo02
blajo02,blajo02
boero02,boero02
decro01,decro01
eddma01,eddma01
flela02,flela02
hulja01,hulja01
humma03,humma03
kruei01,kruei01
kumri04,kumri04
lynro03,lynro03
medpa03,medpa03
porjo01,porjo01
rozmi02,rozmi02
stest10,stest10
sucke01,sucke01
wilch15,wilch15
mormi08,mormi08
ricar01,ricar01
behka01,behka01
colde05,colde05
elwly02,elwly02
eswab01,eswab01
floro01,floro01
frido03,frido03
hogmi01,hogmi01
hrdpe01,hrdpe01
krujo03,krujo03
lynjo02,lynjo02
manha01,manha01
medre01,medre01
shuke01,shuke01
solfr03,solfr03
wesjo01,wesjo01
wilri01,wilri01
gilri04,gilri04
rusda01,rusda01
watke08,watke08
criju02,criju02
abavi01,abavi01
conza01,conza01
frami20,frami20
guzer01,guzer01
leees01,leees01
cerma04,cerma04
evawi01,evawi01
griea02,griea02
hurro01,hurro01
madca02,madca02
meaka03,meaka03
schpa17,schpa17
yeomi01,yeomi01
lonro01,lonro01
belje01,belje01
brewa03,brewa03
cecto01,cecto01
drema02,drema02
hovto01,hovto01
leeyo12,leeyo12
towle02,towle02
beldo05,beldo05
berad01,berad01
chate02,chate02
de$ro01,de$ro01
difsa01,difsa01
dovle01,dovle01
ellke05,ellke05
hamjo09,hamjo09
helda70,helda70
kniri01,kniri01
leela02,leela02
lorda01,lorda01
lowda03,lowda03
luner05,luner05
monma10,monma10
monpi02,monpi02
morbe04,morbe04
nguda03,nguda03
nunma04,nunma04
rayca01,rayca01
refdi01,refdi01
sanma31,sanma31
schde11,schde11
vanro03,vanro03
ernte01,ernte01
macco01,macco01
alcda01,alcda01
andja18,andja18
bogje03,bogje03
carpa20,carpa20
chajy02,chajy02
csemi01,csemi01
fruja02,fruja02
kaori01,kaori01
khost01,khost01
mcdma02,mcdma02
moojo01,moojo01
petem01,petem01
pokra01,pokra01
yorta01,yorta01
burmi07,burmi07
koplu01,koplu01
rybma02,rybma02
schar01,schar01
cerji01,cerji01
davfe01,davfe01
janju04,janju04
koppa01,koppa01
morch02,morch02
pitbr01,pitbr01
ponks01,ponks01
redda01,redda01
sicma03,sicma03
smima27,smima27
tomvi02,tomvi02
vacpe01,vacpe01
bccbh01,bccbh01
kloto01,kloto01
luuvi01,luuvi01
nagso01,nagso01
pallu01,pallu01
zhali13,zhali13
blise01,blise01
forja06,forja06
marja24,marja24
pasma06,pasma06
sedpe02,sedpe02
seqiv01,seqiv01
trode05,trode05
abbwi01,abbwi01
ahmto01,ahmto01
behal02,behal02
bruva01,bruva01
carpa07,carpa07
corma21,corma21
davsc01,davsc01
dergu01,dergu01
dubmi01,dubmi01
dvoin01,dvoin01
garma20,garma20
klope01,klope01
layro01,layro01
mccvi01,mccvi01
pagto01,pagto01
quijo14,quijo14
rafdu01,rafdu01
scajo06,scajo06
spill01,spill01
vasmi03,vasmi03
vizli01,vizli01
kinal03,kinal03
conja07,conja07
jonst06,jonst06
muewo01,muewo01
aphaw01,aphaw01
bosry01,bosry01
cauro04,cauro04
finva01,finva01
praja05,praja05
pulda01,pulda01
eatja02,eatja02
giaco01,giaco01
giero01,giero01
jenbr05,jenbr05
mckla01,mckla01
micge01,micge01
oveon01,oveon01
wisja04,wisja04
wrich04,wrich04
potje02,potje02
danal04,danal04
douma05,douma05
hofja03,hofja03
maltr01,maltr01
mrvra01,mrvra01
pekmi02,pekmi02
shimi19,shimi19
tuzvl01,tuzvl01
basad01,basad01
dubph03,dubph03
forjo14,forjo14
gorsu02,gorsu02
kaneu02,kaneu02
knebo01,knebo01
kotpa04,kotpa04
krcja02,krcja02
mansu11,mansu11
patlu01,patlu01
samva02,samva02
stuma12,stuma12
thuan03,thuan03
tulon01,tulon01
vasev01,vasev01
verpr01,verpr01
zelmi02,zelmi02
babko01,babko01
cerri01,cerri01
craja10,craja10
ellja02,ellja02
elzge01,elzge01
flaam01,flaam01
galdo03,galdo03
guewa01,guewa01
hamcy01,hamcy01
haygr01,haygr01
herhe01,herhe01
horkr02,horkr02
josdh01,josdh01
klath01,klath01
konga01,konga01
letdi01,letdi01
marna02,marna02
metlu01,metlu01
mitro06,mitro06
proha01,proha01
rasst02,rasst02
raujo02,raujo02
seske01,seske01
sinvi14,sinvi14
thost17,thost17
vecjo02,vecjo02
visdi01,visdi01
andni02,andni02
bette01,bette01
bropa16,bropa16
gazro01,gazro01
strra03,strra03
defda01,defda01
kowst01,kowst01
rajra06,rajra06
raubr02,raubr02
rosni02,rosni02
yanmi02,yanmi02
bagja03,bagja03
bidfa01,bidfa01
shrgr01,shrgr01
balma17,balma17
brojo21,brojo21
menma17,menma17
rosda01,rosda01
demyv01,demyv01
gujsa02,gujsa02
allje05,allje05
sheda05,sheda05
amacy01,amacy01
brete05,brete05
golve01,golve01
jamva01,jamva01
lombh01,lombh01
patpa12,patpa12
thoro06,thoro06
vijda01,vijda01
watte03,watte03
wesli01,wesli01
dwiam01,dwiam01
covme01,covme01
hemam01,hemam01
fehbr01,fehbr01
jamda02,jamda02
brian06,brian06
whimi01,whimi01
casjo02,casjo02
morto02,morto02
mueac01,mueac01
carju01,carju01
abdta02,abdta02
samda02,samda02
shasw04,shasw04
baljo03,baljo03
cafjo01,cafjo01
jambr01,jambr01
poija01,poija01
midle01,midle01
obega01,obega01
zlalu01,zlalu01
pieal01,pieal01
valga02,valga02
ceriv01,ceriv01
falmi03,falmi03
kucka01,kucka01
kucvl01,kucvl01
raplu01,raplu01
schvi05,schvi05
zivva01,zivva01
ficmi01,ficmi01
milde08,milde08
conmi04,conmi04
lewan01,lewan01
barsc09,barsc09
albho01,albho01
avist01,avist01
baije01,baije01
barra01,barra01
bauma03,bauma03
dorol01,dorol01
eatke02,eatke02
galro02,galro02
harga06,harga06
ingfr01,ingfr01
mcgmi05,mcgmi05
shadi01,shadi01
benro02,benro02
boech02,boech02
diesu01,diesu01
helke03,helke03
kalch01,kalch01
pilro01,pilro01
reijo01,reijo01
solsu01,solsu01
tonje01,tonje01
tucja02,tucja02
kelda16,kelda16
melvl01,melvl01
ackma02,ackma02
addma03,addma03
bhira01,bhira01
dulpa01,dulpa01
jalra04,jalra04
marsr01,marsr01
matjo16,matjo16
mcawi01,mcawi01
sajna02,sajna02
sousr01,sousr01
wolho02,wolho02
cohja01,cohja01
hopmi01,hopmi01
lyzla01,lyzla01
macgr04,macgr04
natco02,natco02
tunem01,tunem01
wilpa13,wilpa13
wooky01,wooky01
yasra01,yasra01
boyvi01,boyvi01
kovad01,kovad01
mwaji01,mwaji01
skrja01,skrja01
wonso02,wonso02
kliha01,kliha01
paqma02,paqma02
adusr01,adusr01
agavi05,agavi05
bajra02,bajra02
bezve01,bezve01
cizma01,cizma01
douna01,douna01
elkra02,elkra02
ezhal01,ezhal01
fiaev01,fiaev01
formi03,formi03
gluko01,gluko01
gudra10,gudra10
hopro03,hopro03
javsr01,javsr01
jurja02,jurja02
kalmi05,kalmi05
kaskr02,kaskr02
kotem01,kotem01
krera03,krera03
kucsa02,kucsa02
kucsl02,kucsl02
laksa03,laksa03
lehal02,lehal02
manja16,manja16
manla10,manla10
minth04,minth04
momim01,momim01
mylsa01,mylsa01
patgo02,patgo02
patlo01,patlo01
permi12,permi12
rafja03,rafja03
ricto01,ricto01
sagra02,sagra02
salpa05,salpa05
schke19,schke19
shaat03,shaat03
shasa27,shasa27
shasr03,shasr03
shcva01,shcva01
snool01,snool01
sonma03,sonma03
sysjo01,sysjo01
titde01,titde01
upppo01,upppo01
vanna04,vanna04
venpr07,venpr07
zeima02,zeima02
niead01,niead01
vuolo01,vuolo01
bowja01,bowja01
jessc01,jessc01
kupmu01,kupmu01
volke01,volke01
broje15,broje15
butda07,butda07
dunla01,dunla01
pened01,pened01
chest11,chest11
hando05,hando05
hecka01,hecka01
strmi03,strmi03
yadra06,yadra06
keero02,keero02
dadmo01,dadmo01
natje02,natje02
hanva01,hanva01
janmi04,janmi04
konda02,konda02
linis02,linis02
melmi08,melmi08
prape01,prape01
bucfr02,bucfr02
fenwi01,fenwi01
grake02,grake02
hurol02,hurol02
mccpe01,mccpe01
newna02,newna02
shejo05,shejo05
thojo24,thojo24
xueyu01,xueyu01
sativ01,sativ01
allma05,allma05
chexi15,chexi15
feeel01,feeel01
foncr01,foncr01
lewpa02,lewpa02
ocleo01,ocleo01
perde03,perde03
robsu07,robsu07
sakro02,sakro02
tsuke01,tsuke01
urqst01,urqst01
vogma01,vogma01
waljo11,waljo11
reypa03,reypa03
andpa11,andpa11
dzuro02,dzuro02
oleol01,oleol01
gored01,gored01
bouda06,bouda06
leeyo11,leeyo11
newja04,newja04
ausja01,ausja01
beaga01,beaga01
cotpa01,cotpa01
dekdo01,dekdo01
depil01,depil01
derol01,derol01
fauan03,fauan03
henva03,henva03
janan07,janan07
kolan06,kolan06
louja03,louja03
marpa24,marpa24
nagsh04,nagsh04
sevzd01,sevzd01
vahmi01,vahmi01
vaner02,vaner02
bisvo01,bisvo01
johsa08,johsa08
lawst02,lawst02
mooro10,mooro10
morma37,morma37
cheye03,cheye03
gupma03,gupma03
lijfu01,lijfu01
pavma04,pavma04
shasa11,shasa11
strma17,strma17
supmi01,supmi01
toumi03,toumi03
vilpe01,vilpe01
weipe03,weipe03
yafna01,yafna01
podja02,podja02
guera01,guera01
brebr01,brebr01
dilda02,dilda02
dowda01,dowda01
perca02,perca02
rhori01,rhori01
schte01,schte01
weble01,weble01
weiri02,weiri02
antyv01,antyv01
domca01,domca01
hilia01,hilia01
walsu01,walsu01
kouva01,kouva01
mosal08,mosal08
vanji01,vanji01
barma39,barma39
chale06,chale06
ganwi01,ganwi01
braja16,braja16
livmi02,livmi02
wasch01,wasch01
keewi01,keewi01
jonda03,jonda03
woomi04,woomi04
lorva01,lorva01
manbi03,manbi03
styma01,styma01
yersa01,yersa01
zacra01,zacra01
zlapa01,zlapa01
marjo41,marjo41
valcl02,valcl02
baumi07,baumi07
rijfe01,rijfe01
schdo10,schdo10
leddi01,leddi01
manan10,manan10
kinje03,kinje03
frara02,frara02
jedvl01,jedvl01
kumpr21,kumpr21
schbr09,schbr09
yamla02,yamla02
hayse01,hayse01
mansu01,mansu01
bougi03,bougi03
fraju03,fraju03
henro04,henro04
kasja02,kasja02
lutda01,lutda01
farri03,farri03
fisjo04,fisjo04
galpe02,galpe02
heado01,heado01
kinda14,kinda14
koema01,koema01
macte02,macte02
prezi01,prezi01
nesmi01,nesmi01
jalel01,jalel01
rajat01,rajat01
joheu02,joheu02
norst02,norst02
swawi03,swawi03
boyth02,boyth02
gilke04,gilke04
godma10,godma10
guecr01,guecr01
hrdst01,hrdst01
lasmt01,lasmt01
lewjo07,lewjo07
normi10,normi10
nylri01,nylri01
schda24,schda24
vuoan01,vuoan01
zeiar01,zeiar01
galol01,galol01
hamha02,hamha02
metli02,metli02
ramgi02,ramgi02
jenth05,jenth05
pulka02,pulka02
kiemi01,kiemi01
rafsa02,rafsa02
strph01,strph01
kelsu04,kelsu04
aicji01,aicji01
bedva01,bedva01
broja24,broja24
loeke01,loeke01
mildo03,mildo03
pican02,pican02
wribr03,wribr03
gagto01,gagto01
patla02,patla02
patmi03,patmi03
gudra06,gudra06
marri13,marri13
wilma35,wilma35
djoma01,djoma01
zarni01,zarni01
redve02,redve02
kubke01,kubke01
lipna01,lipna01
lonsc01,lonsc01
perbe01,perbe01
